-- phpMyAdmin SQL Dump
-- version 5.2.1
-- https://www.phpmyadmin.net/
--
-- Host: localhost:3306
-- Generation Time: Sep 21, 2023 at 01:01 PM
-- Server version: 10.4.28-MariaDB
-- PHP Version: 8.2.4

SET SQL_MODE = "NO_AUTO_VALUE_ON_ZERO";
START TRANSACTION;
SET time_zone = "+00:00";


/*!40101 SET @OLD_CHARACTER_SET_CLIENT=@@CHARACTER_SET_CLIENT */;
/*!40101 SET @OLD_CHARACTER_SET_RESULTS=@@CHARACTER_SET_RESULTS */;
/*!40101 SET @OLD_COLLATION_CONNECTION=@@COLLATION_CONNECTION */;
/*!40101 SET NAMES utf8mb4 */;

--
-- Database: `bookorama`
--

-- --------------------------------------------------------

--
-- Table structure for table `admin`
--

CREATE TABLE `admin` (
  `adminid` int(11) NOT NULL,
  `email` varchar(50) NOT NULL,
  `password` varchar(255) NOT NULL
) ENGINE=InnoDB DEFAULT CHARSET=utf8mb4 COLLATE=utf8mb4_general_ci;

--
-- Dumping data for table `admin`
--

INSERT INTO `admin` (`adminid`, `email`, `password`) VALUES
(1, 'admin@example.com', 'admin123');

-- --------------------------------------------------------

--
-- Table structure for table `books`
--

CREATE TABLE `books` (
  `isbn` char(13) NOT NULL,
  `author` char(30) NOT NULL,
  `title` char(60) NOT NULL,
  `price` float(4,2) NOT NULL,
  `categoryid` int(11) DEFAULT NULL
) ENGINE=InnoDB DEFAULT CHARSET=utf8mb4 COLLATE=utf8mb4_general_ci;

--
-- Dumping data for table `books`
--

INSERT INTO `books` (`isbn`, `author`, `title`, `price`, `categoryid`) VALUES
('9780984623323', 'Dinatong', 'Dakur Si Tengil', 29.99, 1),
('9780987654321', 'JK Rowling', 'Harry Potter', 39.99, 3),
('9781024634353', 'George Wasiat', 'Cara Menjadi Kormat Yang Baik', 79.99, 3),
('9781234567890', 'Araki', 'JoJos Bizzare Adventure', 19.99, 3),
('9783487453452', 'Shevchenko', 'Cara Menjadi Orang Sukses', 49.99, 3),
('9783487651451', 'Rapip', 'Akulah Penakluk Wanita', 59.99, 2),
('9787887652523', 'Akira Toriyama', 'Dragon Ball', 19.99, 5);

-- --------------------------------------------------------

--
-- Table structure for table `book_reviews`
--

CREATE TABLE `book_reviews` (
  `isbn` char(13) NOT NULL,
  `review` text NOT NULL
) ENGINE=InnoDB DEFAULT CHARSET=utf8mb4 COLLATE=utf8mb4_general_ci;

--
-- Dumping data for table `book_reviews`
--

INSERT INTO `book_reviews` (`isbn`, `review`) VALUES
('9780987654321', 'I loved reading this book.'),
('9781234567890', 'This book is great!');

-- --------------------------------------------------------

--
-- Table structure for table `categories`
--

CREATE TABLE `categories` (
  `categoryid` int(11) NOT NULL,
  `name` varchar(100) NOT NULL
) ENGINE=InnoDB DEFAULT CHARSET=utf8mb4 COLLATE=utf8mb4_general_ci;

--
-- Dumping data for table `categories`
--

INSERT INTO `categories` (`categoryid`, `name`) VALUES
(1, 'Fiction'),
(2, 'Science Fiction'),
(3, 'Mystery'),
(4, 'Romance'),
(5, 'Fantasy');

-- --------------------------------------------------------

--
-- Table structure for table `customers`
--

CREATE TABLE `customers` (
  `customerid` int(10) UNSIGNED NOT NULL,
  `name` char(30) NOT NULL,
  `address` char(40) NOT NULL,
  `city` char(20) NOT NULL
) ENGINE=InnoDB DEFAULT CHARSET=utf8mb4 COLLATE=utf8mb4_general_ci;

--
-- Dumping data for table `customers`
--

INSERT INTO `customers` (`customerid`, `name`, `address`, `city`) VALUES
(0, 'Oleg Shevchenko', '666 Blyat Str', 'Box Hill'),
(1, 'George Jackson', '34 Olive Str', 'Airport West'),
(2, 'Michael Johnson', '456 Elm St', 'San Francisco');

-- --------------------------------------------------------

--
-- Table structure for table `orders`
--

CREATE TABLE `orders` (
  `orderid` int(10) UNSIGNED NOT NULL,
  `customerid` int(10) UNSIGNED NOT NULL,
  `amount` float(6,2) NOT NULL,
  `date` date NOT NULL
) ENGINE=InnoDB DEFAULT CHARSET=utf8mb4 COLLATE=utf8mb4_general_ci;

--
-- Dumping data for table `orders`
--

INSERT INTO `orders` (`orderid`, `customerid`, `amount`, `date`) VALUES
(1, 1, 49.98, '2023-09-12'),
(2, 2, 29.99, '2023-09-13');

-- --------------------------------------------------------

--
-- Table structure for table `order_items`
--

CREATE TABLE `order_items` (
  `orderid` int(10) UNSIGNED NOT NULL,
  `isbn` char(13) NOT NULL,
  `quantity` tinyint(3) UNSIGNED NOT NULL
) ENGINE=InnoDB DEFAULT CHARSET=utf8mb4 COLLATE=utf8mb4_general_ci;

--
-- Dumping data for table `order_items`
--

INSERT INTO `order_items` (`orderid`, `isbn`, `quantity`) VALUES
(1, '9781234567890', 2),
(2, '9780987654321', 1);

--
-- Indexes for dumped tables
--

--
-- Indexes for table `admin`
--
ALTER TABLE `admin`
  ADD PRIMARY KEY (`adminid`);

--
-- Indexes for table `books`
--
ALTER TABLE `books`
  ADD PRIMARY KEY (`isbn`),
  ADD KEY `categoryid` (`categoryid`);

--
-- Indexes for table `book_reviews`
--
ALTER TABLE `book_reviews`
  ADD PRIMARY KEY (`isbn`);

--
-- Indexes for table `categories`
--
ALTER TABLE `categories`
  ADD PRIMARY KEY (`categoryid`),
  ADD KEY `categoryid` (`categoryid`,`name`);

--
-- Indexes for table `customers`
--
ALTER TABLE `customers`
  ADD PRIMARY KEY (`customerid`),
  ADD KEY `customerid` (`customerid`,`name`,`address`,`city`);

--
-- Indexes for table `orders`
--
ALTER TABLE `orders`
  ADD PRIMARY KEY (`orderid`),
  ADD KEY `orderid` (`orderid`,`customerid`,`amount`,`date`),
  ADD KEY `customerid` (`customerid`);

--
-- Indexes for table `order_items`
--
ALTER TABLE `order_items`
  ADD PRIMARY KEY (`orderid`,`isbn`),
  ADD KEY `isbn` (`isbn`);

--
-- Constraints for dumped tables
--

--
-- Constraints for table `books`
--
ALTER TABLE `books`
  ADD CONSTRAINT `books_ibfk_1` FOREIGN KEY (`categoryid`) REFERENCES `categories` (`categoryid`) ON DELETE CASCADE ON UPDATE CASCADE;

--
-- Constraints for table `book_reviews`
--
ALTER TABLE `book_reviews`
  ADD CONSTRAINT `book_reviews_ibfk_1` FOREIGN KEY (`isbn`) REFERENCES `books` (`isbn`) ON DELETE CASCADE ON UPDATE CASCADE;

--
-- Constraints for table `orders`
--
ALTER TABLE `orders`
  ADD CONSTRAINT `orders_ibfk_1` FOREIGN KEY (`customerid`) REFERENCES `customers` (`customerid`) ON DELETE CASCADE ON UPDATE CASCADE;

--
-- Constraints for table `order_items`
--
ALTER TABLE `order_items`
  ADD CONSTRAINT `order_items_ibfk_1` FOREIGN KEY (`orderid`) REFERENCES `orders` (`orderid`) ON DELETE NO ACTION ON UPDATE NO ACTION,
  ADD CONSTRAINT `order_items_ibfk_2` FOREIGN KEY (`isbn`) REFERENCES `books` (`isbn`) ON DELETE CASCADE ON UPDATE CASCADE;
COMMIT;

/*!40101 SET CHARACTER_SET_CLIENT=@OLD_CHARACTER_SET_CLIENT */;
/*!40101 SET CHARACTER_SET_RESULTS=@OLD_CHARACTER_SET_RESULTS */;
/*!40101 SET COLLATION_CONNECTION=@OLD_COLLATION_CONNECTION */;
